{
  "List_User" : {
    "transaction" : "List_User",
    "sampleCount" : 200,
    "errorCount" : 169,
    "errorPct" : 84.5,
    "meanResTime" : 3251.0999999999995,
    "medianResTime" : 2734.0,
    "minResTime" : 60.0,
    "maxResTime" : 13004.0,
    "pct1ResTime" : 6759.5,
    "pct2ResTime" : 8139.699999999996,
    "pct3ResTime" : 12391.810000000005,
    "throughput" : 10.39717196922437,
    "receivedKBytesPerSec" : 10.819354010709088,
    "sentKBytesPerSec" : 1.3199534726554376
  },
  "Total" : {
    "transaction" : "Total",
    "sampleCount" : 600,
    "errorCount" : 370,
    "errorPct" : 61.666668,
    "meanResTime" : 3284.033333333335,
    "medianResTime" : 1717.0,
    "minResTime" : 10.0,
    "maxResTime" : 37463.0,
    "pct1ResTime" : 9700.799999999996,
    "pct2ResTime" : 15548.049999999948,
    "pct3ResTime" : 17141.190000000002,
    "throughput" : 14.133942663305929,
    "receivedKBytesPerSec" : 147.2118451641304,
    "sentKBytesPerSec" : 1.720733904972792
  },
  "Home Page" : {
    "transaction" : "Home Page",
    "sampleCount" : 200,
    "errorCount" : 185,
    "errorPct" : 92.5,
    "meanResTime" : 6302.220000000004,
    "medianResTime" : 4012.5,
    "minResTime" : 628.0,
    "maxResTime" : 37463.0,
    "pct1ResTime" : 15959.400000000001,
    "pct2ResTime" : 16757.4,
    "pct3ResTime" : 22280.38000000003,
    "throughput" : 5.304758368256326,
    "receivedKBytesPerSec" : 154.71454701507878,
    "sentKBytesPerSec" : 0.5905688027160363
  },
  "List_user_Per_page" : {
    "transaction" : "List_user_Per_page",
    "sampleCount" : 200,
    "errorCount" : 16,
    "errorPct" : 8.0,
    "meanResTime" : 298.78000000000003,
    "medianResTime" : 34.0,
    "minResTime" : 10.0,
    "maxResTime" : 3312.0,
    "pct1ResTime" : 693.6000000000001,
    "pct2ResTime" : 1404.1499999999999,
    "pct3ResTime" : 2725.7000000000057,
    "throughput" : 13.762730525736306,
    "receivedKBytesPerSec" : 14.321572650013763,
    "sentKBytesPerSec" : 1.7472216487751169
  }
}