{
  "Home Page-1" : {
    "transaction" : "Home Page-1",
    "sampleCount" : 1,
    "errorCount" : 0,
    "errorPct" : 0.0,
    "meanResTime" : 3958.0,
    "medianResTime" : 3958.0,
    "minResTime" : 3958.0,
    "maxResTime" : 3958.0,
    "pct1ResTime" : 3958.0,
    "pct2ResTime" : 3958.0,
    "pct3ResTime" : 3958.0,
    "throughput" : 0.25265285497726125,
    "receivedKBytesPerSec" : 178.78199611546233,
    "sentKBytesPerSec" : 0.030101219050025264
  },
  "Company" : {
    "transaction" : "Company",
    "sampleCount" : 1,
    "errorCount" : 0,
    "errorPct" : 0.0,
    "meanResTime" : 278.0,
    "medianResTime" : 278.0,
    "minResTime" : 278.0,
    "maxResTime" : 278.0,
    "pct1ResTime" : 278.0,
    "pct2ResTime" : 278.0,
    "pct3ResTime" : 278.0,
    "throughput" : 3.5971223021582737,
    "receivedKBytesPerSec" : 39.93016524280575,
    "sentKBytesPerSec" : 0.46017873201438847
  },
  "Insights" : {
    "transaction" : "Insights",
    "sampleCount" : 1,
    "errorCount" : 0,
    "errorPct" : 0.0,
    "meanResTime" : 264.0,
    "medianResTime" : 264.0,
    "minResTime" : 264.0,
    "maxResTime" : 264.0,
    "pct1ResTime" : 264.0,
    "pct2ResTime" : 264.0,
    "pct3ResTime" : 264.0,
    "throughput" : 3.787878787878788,
    "receivedKBytesPerSec" : 40.379379734848484,
    "sentKBytesPerSec" : 0.5585641571969697
  },
  "Home Page-0" : {
    "transaction" : "Home Page-0",
    "sampleCount" : 1,
    "errorCount" : 0,
    "errorPct" : 0.0,
    "meanResTime" : 9125.0,
    "medianResTime" : 9125.0,
    "minResTime" : 9125.0,
    "maxResTime" : 9125.0,
    "pct1ResTime" : 9125.0,
    "pct2ResTime" : 9125.0,
    "pct3ResTime" : 9125.0,
    "throughput" : 0.10958904109589042,
    "receivedKBytesPerSec" : 0.1151541095890411,
    "sentKBytesPerSec" : 0.012949486301369863
  },
  "Total" : {
    "transaction" : "Total",
    "sampleCount" : 7,
    "errorCount" : 2,
    "errorPct" : 28.571428,
    "meanResTime" : 3896.857142857142,
    "medianResTime" : 295.0,
    "minResTime" : 264.0,
    "maxResTime" : 13087.0,
    "pct1ResTime" : 13087.0,
    "pct2ResTime" : 13087.0,
    "pct3ResTime" : 13087.0,
    "throughput" : 0.49285362247412523,
    "receivedKBytesPerSec" : 102.47216147116806,
    "sentKBytesPerSec" : 0.07095772019995776
  },
  "Ecommerce" : {
    "transaction" : "Ecommerce",
    "sampleCount" : 1,
    "errorCount" : 0,
    "errorPct" : 0.0,
    "meanResTime" : 295.0,
    "medianResTime" : 295.0,
    "minResTime" : 295.0,
    "maxResTime" : 295.0,
    "pct1ResTime" : 295.0,
    "pct2ResTime" : 295.0,
    "pct3ResTime" : 295.0,
    "throughput" : 3.389830508474576,
    "receivedKBytesPerSec" : 31.057997881355934,
    "sentKBytesPerSec" : 0.4535222457627119
  },
  "Home Page" : {
    "transaction" : "Home Page",
    "sampleCount" : 1,
    "errorCount" : 1,
    "errorPct" : 100.0,
    "meanResTime" : 13087.0,
    "medianResTime" : 13087.0,
    "minResTime" : 13087.0,
    "maxResTime" : 13087.0,
    "pct1ResTime" : 13087.0,
    "pct2ResTime" : 13087.0,
    "pct3ResTime" : 13087.0,
    "throughput" : 0.07641170627340109,
    "receivedKBytesPerSec" : 54.1506779151066,
    "sentKBytesPerSec" : 0.018132856078551234
  },
  "Contact-us" : {
    "transaction" : "Contact-us",
    "sampleCount" : 1,
    "errorCount" : 1,
    "errorPct" : 100.0,
    "meanResTime" : 271.0,
    "medianResTime" : 271.0,
    "minResTime" : 271.0,
    "maxResTime" : 271.0,
    "pct1ResTime" : 271.0,
    "pct2ResTime" : 271.0,
    "pct3ResTime" : 271.0,
    "throughput" : 3.6900369003690034,
    "receivedKBytesPerSec" : 26.381601706642066,
    "sentKBytesPerSec" : 0.4576510608856088
  }
}